id,module_name,table_name,action,status,user_id,details,ip,user_agent,created_at
"fdf2ba2d-d2fa-4e39-a247-bedef8331454","audit","lead","create","success","7797f71e-8c03-4b18-8e08-f0ffcc43dce4",[object Object],,,"2025-09-12T05:44:38.243000"
"e807641e-cfc8-4b6e-a07a-bc6e6085221c","auth","users","login","success","7797f71e-8c03-4b18-8e08-f0ffcc43dce4",,,,"2025-09-11T12:05:03.490000"
"5c32f961-4156-46c7-aee1-dd96b2f6c678","auth","users","login","success","7797f71e-8c03-4b18-8e08-f0ffcc43dce4",,,,"2025-09-11T12:04:46.736000"
"9565017c-6a6f-43b8-9821-20524cbd4463","user_management","role_permissions","update","success","7797f71e-8c03-4b18-8e08-f0ffcc43dce4",[object Object],,,"2025-09-11T11:53:21.152000"
"8cf99ffe-4ea4-409a-89c0-579dbd568096","audit","opportunity","update","success","7797f71e-8c03-4b18-8e08-f0ffcc43dce4",[object Object],,,"2025-09-11T11:36:23.818000"
"5945378b-ebbd-4d98-b44d-e3a23a8d99e6","audit","opportunity","delete","success","7797f71e-8c03-4b18-8e08-f0ffcc43dce4",[object Object],,,"2025-09-11T11:36:05.194000"
"be331585-7aef-4695-a0e0-17f6bc865e5c","audit","opportunitydocument","upload","success","7797f71e-8c03-4b18-8e08-f0ffcc43dce4",[object Object],,,"2025-09-11T11:12:20.262000"
"75604560-28fa-46d9-88f6-ca6113c0569b","audit","quotation","create","success","7797f71e-8c03-4b18-8e08-f0ffcc43dce4",[object Object],,,"2025-09-11T11:10:38.182000"
"d33e60f5-28e2-4a83-a50f-bfab8e9150f1","audit","opportunitydocument","upload","success","7797f71e-8c03-4b18-8e08-f0ffcc43dce4",[object Object],,,"2025-09-11T11:09:32.454000"
"ffbefa70-8417-4280-9184-5c3becd69bff","audit","lead","convert","success","7797f71e-8c03-4b18-8e08-f0ffcc43dce4",[object Object],,,"2025-09-11T11:00:28.295000"
"21d41507-cc5a-4eb9-981f-08cb5e6086ce","audit","lead","update","success","7797f71e-8c03-4b18-8e08-f0ffcc43dce4",[object Object],,,"2025-09-11T11:00:25.354000"
"718c8f1b-0805-4252-8022-cc04c45d34e7","audit","lead","create","success","7797f71e-8c03-4b18-8e08-f0ffcc43dce4",[object Object],,,"2025-09-11T11:00:19.167000"
"9a02b55e-e707-480e-acaf-8e19f716da21","audit","opportunitydocument","upload","success","7797f71e-8c03-4b18-8e08-f0ffcc43dce4",[object Object],,,"2025-09-11T10:14:41.232000"
"362c16ae-c47c-43e3-9316-3bf426e0b533","audit","quotation","create","success","7797f71e-8c03-4b18-8e08-f0ffcc43dce4",[object Object],,,"2025-09-11T10:13:19.580000"
"bbb58e63-4aee-4925-88fd-f4afc77a7e04","audit","opportunitydocument","upload","success","7797f71e-8c03-4b18-8e08-f0ffcc43dce4",[object Object],,,"2025-09-11T10:12:12.285000"
"05026917-8b13-44d3-ae92-01e45a71c11f","audit","lead","convert","success","7797f71e-8c03-4b18-8e08-f0ffcc43dce4",[object Object],,,"2025-09-11T10:10:19.329000"
"afe52a65-307e-4a48-95ab-fcbca8500f2c","audit","lead","update","success","7797f71e-8c03-4b18-8e08-f0ffcc43dce4",[object Object],,,"2025-09-11T10:10:13.881000"
"b1f86848-9cf3-449c-b5ca-b65657a2ce13","audit","lead","create","success","7797f71e-8c03-4b18-8e08-f0ffcc43dce4",[object Object],,,"2025-09-11T10:09:58.770000"
"4070b2cb-8334-47b9-b93d-e53ee0cd3baf","audit","opportunitydocument","upload","success","7797f71e-8c03-4b18-8e08-f0ffcc43dce4",[object Object],,,"2025-09-11T10:07:09.934000"
"014bdeb4-8463-4e09-8b62-54a6e65b8c88","audit","quotation","create","success","7797f71e-8c03-4b18-8e08-f0ffcc43dce4",[object Object],,,"2025-09-11T09:58:51.561000"
"92920061-5e4a-41f9-8d90-f97f4eb4a80d","audit","quotation","create","success","7797f71e-8c03-4b18-8e08-f0ffcc43dce4",[object Object],,,"2025-09-11T09:58:51.381000"
"309ab600-9748-4011-aafd-1a8cbf78050a","audit","quotation","create","success","7797f71e-8c03-4b18-8e08-f0ffcc43dce4",[object Object],,,"2025-09-11T09:58:51.022000"
"932b5c8f-6151-4a50-b2d2-5bdf8a9f9eba","auth","users","login","success","7797f71e-8c03-4b18-8e08-f0ffcc43dce4",,,,"2025-09-11T09:58:50.733000"
"cb3e094e-7bc2-427e-8f0d-625e08565bc3","audit","quotation","create","success","7797f71e-8c03-4b18-8e08-f0ffcc43dce4",[object Object],,,"2025-09-11T09:55:00.356000"
"309d9ea5-7c27-43af-a477-b4472ea18125","auth","users","login","success","7797f71e-8c03-4b18-8e08-f0ffcc43dce4",,,,"2025-09-11T09:55:00.281000"
"714a92c1-bfeb-4f5b-b1c4-a124ecb7643a","auth","users","login","success","7797f71e-8c03-4b18-8e08-f0ffcc43dce4",,,,"2025-09-11T09:54:51.345000"
"f3c9481f-9019-4353-9a7a-e4ef8e13d1cc","auth","users","login","success","7797f71e-8c03-4b18-8e08-f0ffcc43dce4",,,,"2025-09-11T09:32:47.442000"
"3a83e97f-57d6-407f-8c27-af61b2e4af9b","auth","users","login","success","7797f71e-8c03-4b18-8e08-f0ffcc43dce4",,,,"2025-09-11T09:32:39.450000"
"bcf10418-3b80-47d6-8a2b-87630a8c6305","auth","users","login","success","7797f71e-8c03-4b18-8e08-f0ffcc43dce4",,,,"2025-09-11T09:32:30.175000"
"dab8059d-820c-4437-94c8-d7f238af0a31","auth","users","login","success","7797f71e-8c03-4b18-8e08-f0ffcc43dce4",,,,"2025-09-11T09:32:22.484000"
"c14fcf2e-cfa8-4cfd-ada6-eca299d3bf69","auth","users","login","success","7797f71e-8c03-4b18-8e08-f0ffcc43dce4",,,,"2025-09-11T09:31:56.910000"
"0d2f7719-6732-4812-8e32-50493de0df63","auth","users","login","success","7797f71e-8c03-4b18-8e08-f0ffcc43dce4",,,,"2025-09-11T09:31:47.387000"
"6c1b84c2-d6ba-4b77-9cd8-ac849dde281a","auth","users","login","success","7797f71e-8c03-4b18-8e08-f0ffcc43dce4",,,,"2025-09-11T09:31:40.134000"
"ffa36a96-e71f-463e-9171-ef2a296f2200","auth","users","login","success","7797f71e-8c03-4b18-8e08-f0ffcc43dce4",,,,"2025-09-11T09:31:30.140000"
"8a81ab42-4afc-4532-a592-c4c6a7095ace","auth","users","login","success","7797f71e-8c03-4b18-8e08-f0ffcc43dce4",,,,"2025-09-11T09:31:02.783000"
"8c115591-e743-4f7f-b0eb-a33b666b4621","audit","opportunity","update","success","7797f71e-8c03-4b18-8e08-f0ffcc43dce4",[object Object],,,"2025-09-11T09:29:12.764000"
"770c167c-64c1-4bc9-8bf4-cbc9b476542b","audit","opportunity","update","success","7797f71e-8c03-4b18-8e08-f0ffcc43dce4",[object Object],,,"2025-09-11T09:28:48.059000"
"f1e1b8ec-5402-4a3c-89f0-b8e5cf446001","audit","opportunitydocument","upload","success","7797f71e-8c03-4b18-8e08-f0ffcc43dce4",[object Object],,,"2025-09-11T09:03:36.487000"
"bbc98cc2-a310-4e64-b744-4e031e4407fd","audit","company","create","success","7797f71e-8c03-4b18-8e08-f0ffcc43dce4",[object Object],,,"2025-09-11T09:01:17.070000"
"c84dd5df-7c74-42fa-9a5b-7b6efaaa192b","auth","users","login","success","7797f71e-8c03-4b18-8e08-f0ffcc43dce4",,,,"2025-09-11T09:00:33.110000"
"21fc458d-48c9-4c16-9cbf-40976fcc2279","auth","users","login","success","7797f71e-8c03-4b18-8e08-f0ffcc43dce4",,,,"2025-09-11T08:58:31.538000"
"f33a1b8a-d60f-438d-85ab-2c2cdcbda715","audit","lead","convert","success","7797f71e-8c03-4b18-8e08-f0ffcc43dce4",[object Object],,,"2025-09-11T08:57:44.046000"
"4f387efb-b7ec-442f-be8c-61cd363eae4e","audit","lead","update","success","7797f71e-8c03-4b18-8e08-f0ffcc43dce4",[object Object],,,"2025-09-11T08:57:43.813000"
"9971765b-0c6c-45b1-ad3d-2dcff96c8deb","audit","lead","create","success","7797f71e-8c03-4b18-8e08-f0ffcc43dce4",[object Object],,,"2025-09-11T08:57:43.578000"
"e011c94b-41cd-468f-992a-c38b41000f5b","auth","users","login","success","7797f71e-8c03-4b18-8e08-f0ffcc43dce4",,,,"2025-09-11T08:57:42.639000"
"069ea846-1b4b-45d9-a3c5-9208e1312abc","auth","users","login","success","7797f71e-8c03-4b18-8e08-f0ffcc43dce4",,,,"2025-09-11T08:56:45.843000"
"ace19698-b2d5-4de7-ad8e-966b4de12bc4","auth","users","login","success","7797f71e-8c03-4b18-8e08-f0ffcc43dce4",,,,"2025-09-11T08:56:06.050000"
"3c3b3c37-b641-45d0-adc4-430bdf5f0833","auth","users","login","success","7797f71e-8c03-4b18-8e08-f0ffcc43dce4",,,,"2025-09-11T08:55:18.522000"
"b0b24a75-633c-4157-8b09-048a67d62354","auth","users","login","success","7797f71e-8c03-4b18-8e08-f0ffcc43dce4",,,,"2025-09-11T08:51:14.064000"
"d8783f0a-3fcc-4096-83cd-91a1995963fc","auth","users","login","success","7797f71e-8c03-4b18-8e08-f0ffcc43dce4",,,,"2025-09-11T08:50:50.323000"
"22ecef0e-3daa-4567-bbca-79d7fd4d5182","auth","users","login","success","7797f71e-8c03-4b18-8e08-f0ffcc43dce4",,,,"2025-09-11T08:47:46.592000"
"84946ec4-d65f-4efb-a39f-fdf99356265c","auth","users","login","success","7797f71e-8c03-4b18-8e08-f0ffcc43dce4",,,,"2025-09-11T08:47:23.520000"
"f82741d5-ffd2-40a0-ab76-77e5a52eab1e","auth","users","login","success","7797f71e-8c03-4b18-8e08-f0ffcc43dce4",,,,"2025-09-11T08:38:07.953000"
"a8e6ff85-644f-4f71-82be-058536f2b8ae","auth","users","login","success","7797f71e-8c03-4b18-8e08-f0ffcc43dce4",,,,"2025-09-11T08:30:28.356000"
"c877c916-8a09-49a5-8838-2b3433a3ec82","auth","users","login","success","7797f71e-8c03-4b18-8e08-f0ffcc43dce4",,,,"2025-09-11T08:30:18.036000"
"934861f2-6d9c-4806-8697-5271040e4e10","auth","users","login","success","7797f71e-8c03-4b18-8e08-f0ffcc43dce4",,,,"2025-09-11T08:29:52.558000"
"effb9165-d818-4ce8-ad20-daf38d74d6cd","auth","users","login","success","7797f71e-8c03-4b18-8e08-f0ffcc43dce4",,,,"2025-09-11T08:29:11.736000"
"32d5a9a5-59c2-4350-bc7c-7810f3bb425d","audit","opportunitydocument","upload","success","7797f71e-8c03-4b18-8e08-f0ffcc43dce4",[object Object],,,"2025-09-11T08:18:41.866000"
"730a1310-c268-40bf-afa1-fcf32d2eaadf","audit","lead","convert","success","7797f71e-8c03-4b18-8e08-f0ffcc43dce4",[object Object],,,"2025-09-11T08:17:46.796000"
"abd26e6e-1c32-4e09-8a01-5328523291cd","audit","lead","update","success","7797f71e-8c03-4b18-8e08-f0ffcc43dce4",[object Object],,,"2025-09-11T08:17:42.160000"
"1964b942-3525-43ce-9c74-14c6936cbd22","audit","lead","create","success","7797f71e-8c03-4b18-8e08-f0ffcc43dce4",[object Object],,,"2025-09-11T08:17:35.779000"
"12a0857a-549a-440c-bedc-fc7a59d2b804","auth","users","login","success","7797f71e-8c03-4b18-8e08-f0ffcc43dce4",,,,"2025-09-11T07:57:44.002000"
"c9a77997-4d36-4533-94ca-27f0c8d3b0bb","auth","users","login","success","7797f71e-8c03-4b18-8e08-f0ffcc43dce4",,,,"2025-09-11T07:56:37.461000"
"088f3ab6-eded-44b4-9866-8389b6dd7cdb","auth","users","login","success","7797f71e-8c03-4b18-8e08-f0ffcc43dce4",,,,"2025-09-11T07:55:10.713000"
"2a7f92f7-f361-4d7f-bc26-b399b0f1307f","auth","users","login","success","7797f71e-8c03-4b18-8e08-f0ffcc43dce4",,,,"2025-09-11T07:50:32.269000"
"499c7e30-7b53-4881-aa4a-98f46fb638f9","auth","users","login","success","7797f71e-8c03-4b18-8e08-f0ffcc43dce4",,,,"2025-09-11T07:48:37.514000"
"e2181108-eb24-44d6-8996-235d61a635c0","auth","users","login","success","7797f71e-8c03-4b18-8e08-f0ffcc43dce4",,,,"2025-09-11T07:48:28.621000"
"c578041e-b60b-49c6-bef8-70e3c853ee48","auth","users","login","success","7797f71e-8c03-4b18-8e08-f0ffcc43dce4",,,,"2025-09-11T07:48:18.055000"
"1adb70f2-bbbb-47ef-a29b-d9f806f117b4","auth","users","login","success","7797f71e-8c03-4b18-8e08-f0ffcc43dce4",,,,"2025-09-11T07:47:57.347000"
"353d1de0-a77a-481a-9c67-7a21a2d3b8a6","auth","users","login","success","7797f71e-8c03-4b18-8e08-f0ffcc43dce4",,,,"2025-09-11T07:47:14.974000"
"26e77686-a871-4216-8610-ef22b695e539","auth","users","login","success","7797f71e-8c03-4b18-8e08-f0ffcc43dce4",,,,"2025-09-11T07:47:06.027000"
"a76387d8-17bf-434e-aeda-0966fd745d23","auth","users","login","success","7797f71e-8c03-4b18-8e08-f0ffcc43dce4",,,,"2025-09-11T07:46:57.351000"
"f891db95-297d-4cdf-bf25-101f93821988","auth","users","login","success","7797f71e-8c03-4b18-8e08-f0ffcc43dce4",,,,"2025-09-11T07:46:50.778000"
"051cd6d0-998f-4606-a810-bf0ba4eb6d90","auth","users","login","success","7797f71e-8c03-4b18-8e08-f0ffcc43dce4",,,,"2025-09-11T07:46:40.093000"
"4f56262d-bc01-4072-920d-ca00f9db3d5e","auth","users","login","success","7797f71e-8c03-4b18-8e08-f0ffcc43dce4",,,,"2025-09-11T07:46:17.406000"
"6fb7cc99-aad9-4d6f-b9db-4450edf30b0e","auth","users","login","success","7797f71e-8c03-4b18-8e08-f0ffcc43dce4",,,,"2025-09-11T07:43:22.526000"
"513aa6ac-48f6-418c-b74b-ac6b2c71ba19","auth","users","login","success","7797f71e-8c03-4b18-8e08-f0ffcc43dce4",,,,"2025-09-11T07:43:13.714000"
"5137be45-7037-4e00-9d15-fd7ead8bec2a","audit","lead","convert","success","7797f71e-8c03-4b18-8e08-f0ffcc43dce4",[object Object],,,"2025-09-11T07:42:36.835000"
"d71e2c23-6217-4400-900c-7508afd4bd5c","audit","lead","convert","success","7797f71e-8c03-4b18-8e08-f0ffcc43dce4",[object Object],,,"2025-09-11T07:42:36.572000"
"c0a2a807-d741-4d8a-b513-4e0ecfac926e","audit","lead","convert","success","7797f71e-8c03-4b18-8e08-f0ffcc43dce4",[object Object],,,"2025-09-11T07:42:36.294000"
"4b839d30-cd8e-4a6c-bd03-543313c2156d","audit","lead","convert","success","7797f71e-8c03-4b18-8e08-f0ffcc43dce4",[object Object],,,"2025-09-11T07:42:36.038000"
"1b1d427b-24af-47f7-bf1e-9071016498a5","audit","lead","update","success","7797f71e-8c03-4b18-8e08-f0ffcc43dce4",[object Object],,,"2025-09-11T07:42:35.739000"
"85de464d-4032-4a56-a333-98568e661212","audit","lead","create","success","7797f71e-8c03-4b18-8e08-f0ffcc43dce4",[object Object],,,"2025-09-11T07:42:35.466000"
"ec83f9b0-dcc3-4693-a01d-e73d6203f857","audit","lead","update","success","7797f71e-8c03-4b18-8e08-f0ffcc43dce4",[object Object],,,"2025-09-11T07:42:35.172000"
"72cf4f8a-4948-4689-a441-6eaab2132ffc","audit","lead","create","success","7797f71e-8c03-4b18-8e08-f0ffcc43dce4",[object Object],,,"2025-09-11T07:42:34.889000"
"5a72368b-c9d5-4ee9-8b61-765e5a0bd010","audit","lead","update","success","7797f71e-8c03-4b18-8e08-f0ffcc43dce4",[object Object],,,"2025-09-11T07:42:34.625000"
"9dfc94d2-b7d7-4ff5-aa4a-1f74de846e83","audit","lead","create","success","7797f71e-8c03-4b18-8e08-f0ffcc43dce4",[object Object],,,"2025-09-11T07:42:34.363000"
"c438fbb7-b182-4485-80bf-3d82d3b66010","audit","lead","update","success","7797f71e-8c03-4b18-8e08-f0ffcc43dce4",[object Object],,,"2025-09-11T07:42:34.081000"
"c87fd7ec-2069-47b0-8cc2-9031c1e19588","audit","lead","create","success","7797f71e-8c03-4b18-8e08-f0ffcc43dce4",[object Object],,,"2025-09-11T07:42:33.799000"
"15717d42-646e-4b0c-84de-9106e456a350","auth","users","login","success","7797f71e-8c03-4b18-8e08-f0ffcc43dce4",,,,"2025-09-11T07:42:31.581000"
"3b629eae-58e5-4548-906e-5c82bc988c80","audit","contact","create","success","7797f71e-8c03-4b18-8e08-f0ffcc43dce4",[object Object],,,"2025-09-11T07:42:10.528000"
"f1fc5bd3-c962-4e03-b5f8-fd5bcc964638","audit","contact","create","success","7797f71e-8c03-4b18-8e08-f0ffcc43dce4",[object Object],,,"2025-09-11T07:42:10.292000"
"a0001aca-283f-4c79-a0b2-fb873c4f53c1","audit","contact","create","success","7797f71e-8c03-4b18-8e08-f0ffcc43dce4",[object Object],,,"2025-09-11T07:42:10.045000"
"28215e16-c460-4049-964c-67161b71c6ef","audit","contact","create","success","7797f71e-8c03-4b18-8e08-f0ffcc43dce4",[object Object],,,"2025-09-11T07:42:09.784000"
"5985d408-15a2-4413-aad9-a92f18ec284b","auth","users","login","success","7797f71e-8c03-4b18-8e08-f0ffcc43dce4",,,,"2025-09-11T07:42:08.712000"
"594c1d90-a136-48bc-89ac-1d6e90ecdb09","auth","users","login","success","7797f71e-8c03-4b18-8e08-f0ffcc43dce4",,,,"2025-09-11T07:41:14.508000"
"d7f71eb0-8a94-44b6-9738-fb9f7f47bbcf","auth","users","login","success","7797f71e-8c03-4b18-8e08-f0ffcc43dce4",,,,"2025-09-11T07:41:06.587000"
"335c0ab0-56ef-4ba5-929c-f7e347573b42","auth","users","login","success","7797f71e-8c03-4b18-8e08-f0ffcc43dce4",,,,"2025-09-11T07:40:54.380000"
"07f30fcd-8101-4a53-bae4-f58dffcbe19e","audit","company","create","success","7797f71e-8c03-4b18-8e08-f0ffcc43dce4",[object Object],,,"2025-09-11T07:39:24.361000"
"fdb321d3-68d8-4b17-ba60-d0e24aa71e72","audit","company","create","success","7797f71e-8c03-4b18-8e08-f0ffcc43dce4",[object Object],,,"2025-09-11T07:39:23.846000"